{"cameraMode":{"drawMode":0,"name":"Shaded","section":"Shading Mode"},"sceneLighting":true,"audioPlay":false,"sceneViewState":{"m_AlwaysRefresh":false,"showFog":true,"showSkybox":true,"showFlares":true,"showImageEffects":true,"showParticleSystems":true,"showVisualEffectGraphs":true,"m_FxEnabled":true},"in2DMode":false,"pivot":{"x":11.867639541625977,"y":1.5731608867645264,"z":-36.670772552490237},"rotation":{"x":0.09093339741230011,"y":0.7524012327194214,"z":-0.10626918822526932,"w":0.6436965465545654},"size":1.1881029605865479,"orthographic":false}